Phrase,Sujet,Verbe,Objet,Dep_sujet,Dep_verbe,Dep_objet,ID_sujet,ID_verbe,ID_objet,DocID_sujet,DocID_verbe,DocID_objet,IDs_sujet,IDs_objet,Lemme_verbe,Head_verbe,Annotation_verbe_col8,Annotation_verbe_col9,Num_phrase,Num_paragr,Sentence_index,personnages_sujet,personnages_objet,personnages_triptyque,lieux_sujet,lieux_objet,lieux_triptyque,types_lieux_triptyque,a_personnage_triptyque,a_lieu_triptyque,a_personnage_et_lieu_triptyque,chapter,time_entity_id,time_texte,time_kind,time_precision,time_code,time_datetime,time_debut,time_fin,time_jour_romanesque,time_duration_value,time_duration_unit,time_duration_relation,time_source,time_ud_governor,lieu_manuel,lieu_mention_manuelle,relation_lieu_manuelle,type_lieu_manuel,tous_lieux_manuels
"À qui s' étonnerait de ce qu' un gentleman aussi mystérieux comptât parmi les membres de cette honorable association, on répondra qu' il passa sur la recommandation de MM. Baring frères, chez lesquels il avait un crédit ouvert.",il,passa,sur la recommandation de MM. Baring frères,nsubj,ccomp,obl:arg,24.0,25,28.0,453.0,454,457.0,[24],"[26, 27, 28, 29, 30, 31, 32]",passer,22,_,_,13,5,14,['0'],['46'],"['0', '46']",[],[],[],[],True,False,False,1,0,l' année 1872,date_absolue,annee,1872-00-00-00-00,,,,,,,,precedent_context,habitée,reform_club,cette honorable association,lieu_sans_relation,FAC,reform_club
Avait -il voyagé?,-il,voyagé,,nsubj,root,,2.0,3,,641.0,642,,[2],[],voyager,0,_,_,21,8,22,['0'],[],['0'],[],[],[],[],True,False,False,1,0,l' année 1872,date_absolue,annee,1872-00-00-00-00,,,,,,,,precedent_context,habitée,,,,,
Il n' était endroit si reculé dont il ne parût avoir une connaissance spéciale.,il,parût,dont,nsubj,acl:relcl,iobj,8.0,10,7.0,667.0,669,666.0,[8],[7],paraître,4,_,_,23,8,24,['0'],[],['0'],[],[],[],[],True,False,False,1,0,l' année 1872,date_absolue,annee,1872-00-00-00-00,,,,,,,,precedent_context,habitée,,,,,
"C' était un homme qui avait dû voyager partout,- en esprit, tout au moins.",qui,voyager,,nsubj,xcomp,,5.0,8,,738.0,741,,[5],[],voyager,7,Dpt au sens large,VERB,25,8,26,['0'],[],['0'],[],[],[],[],True,False,False,1,0,l' année 1872,date_absolue,annee,1872-00-00-00-00,,,,,,,,precedent_context,habitée,,,,,
"Ce qui était certain toutefois, c' est que, depuis de longues années, Phileas Fogg n' avait pas quitté Londres.",Phileas Fogg,quitté,depuis de longues années,nsubj,ccomp,obl:mod,16.0,21,14.0,767.0,772,765.0,"[16, 17]","[11, 12, 13, 14]",quitter,8,32,_,26,9,27,['0'],[],['0'],[],[],[],[],True,False,False,1,2,depuis de longues années,date_absolue,annee,1862-00-00-00-00,,,,,,,,objet,quitté,ville_londres,londres,CAD cadre,GPE,ville_londres
"Ce qui était certain toutefois, c' est que, depuis de longues années, Phileas Fogg n' avait pas quitté Londres.",Phileas Fogg,quitté,Londres,nsubj,ccomp,obj,16.0,21,22.0,767.0,772,773.0,"[16, 17]",[22],quitter,8,32,_,26,9,27,['0'],[],['0'],[],[],[],[],True,False,False,1,2,depuis de longues années,date_absolue,annee,1862-00-00-00-00,,,,,,,,ud_direct,quitté,ville_londres,londres,CAD cadre,GPE,ville_londres
Ceux qui avaient l' honneur de le connaître un peu plus que les autres attestaient que- si ce n' est sur ce chemin direct qu' il parcourait chaque jour pour venir de sa maison au club- personne ne pouvait prétendre l' avoir jamais vu ailleurs.,il,parcourait,qu',nsubj,acl:relcl,obj,27.0,28,26.0,801.0,802,800.0,[27],[26],parcourir,24,35,_,27,9,28,['0'],[],['0'],[],['19'],['19'],['FAC'],True,True,True,1,3,chaque jour,date_absolue,annee,1872-00-00-00-00,,,,,,,,ud_direct,parcourait,M1,qu',lieu_sans_relation,FAC,M1 ; reform_club ; maison_fogg
Ceux qui avaient l' honneur de le connaître un peu plus que les autres attestaient que- si ce n' est sur ce chemin direct qu' il parcourait chaque jour pour venir de sa maison au club- personne ne pouvait prétendre l' avoir jamais vu ailleurs.,il,parcourait,chaque jour,nsubj,acl:relcl,obl:mod,27.0,28,30.0,801.0,802,804.0,[27],"[29, 30]",parcourir,24,35,_,27,9,28,['0'],[],['0'],[],[],[],[],True,False,False,1,3,chaque jour,date_absolue,annee,1872-00-00-00-00,,,,,,,,objet,parcourait,reform_club,au club,GOL goal,FAC,reform_club ; maison_fogg ; M1
Ceux qui avaient l' honneur de le connaître un peu plus que les autres attestaient que- si ce n' est sur ce chemin direct qu' il parcourait chaque jour pour venir de sa maison au club- personne ne pouvait prétendre l' avoir jamais vu ailleurs.,il,venir,de sa maison au club,nsubj,advcl,obl:arg,27.0,32,35.0,801.0,806,809.0,[27],"[33, 34, 35, 36, 37]",venir,28,54,_,27,9,28,['0'],['0'],['0'],[],"['5', '3']","['5', '3']",['FAC'],True,True,True,1,0,l' année 1872,date_absolue,annee,1872-00-00-00-00,,,,,,,,precedent_context,habitée,maison_fogg,de sa maison,SRC source,FAC,maison_fogg ; reform_club ; M1
"À ce jeu du silence, si bien approprié à sa nature, il gagnait souvent, mais ses gains n' entraient jamais dans sa bourse et figuraient pour une somme importante à son budget de charité.",il,gagnait,À ce jeu du silence si bien approprié à sa nature,nsubj,root,obl:mod,14.0,15,3.0,850.0,851,839.0,[14],"[1, 2, 3, 4, 5, 7, 8, 9, 10, 11, 12]",gagner,0,_,_,29,9,30,['0'],['0'],['0'],[],[],[],[],True,False,False,1,0,l' année 1872,date_absolue,annee,1872-00-00-00-00,,,,,,,,precedent_context,habitée,,,,,
"À ce jeu du silence, si bien approprié à sa nature, il gagnait souvent, mais ses gains n' entraient jamais dans sa bourse et figuraient pour une somme importante à son budget de charité.",ses gains,entraient,dans sa bourse,nsubj,conj,obl:arg,20.0,22,26.0,856.0,858,862.0,"[19, 20]","[24, 25, 26]",entrer,15,_,_,29,9,30,['0'],['0'],['0'],[],[],[],[],True,False,False,1,0,l' année 1872,date_absolue,annee,1872-00-00-00-00,,,,,,,,precedent_context,habitée,,,,,
"Le jeu était pour lui un combat, une lutte contre une difficulté, mais une lutte sans mouvement, sans déplacement, sans fatigue, et cela allait à son caractère.",cela,allait,à son caractère,nsubj,conj,obl:arg,28.0,29,32.0,921.0,922,925.0,[28],"[30, 31, 32]",aller,7,_,_,31,9,32,[],['0'],['0'],[],[],[],[],True,False,False,1,0,l' année 1872,date_absolue,annee,1872-00-00-00-00,,,,,,,,precedent_context,habitée,,,,,
"Sur vingt-quatre heures, il en passait dix à son domicile, soit qu' il dormît, soit qu' il s' occupât de sa toilette.",il,passait,Sur vingt-quatre heures,nsubj,root,obl:mod,5.0,7,3.0,1070.0,1072,1068.0,[5],"[1, 2, 3]",passer,0,37,VEH,37,10,38,['0'],[],['0'],[],[],[],[],True,False,False,1,6,sur vingt-quatre heures,,,,,,,,,,,objet,passait,maison_fogg,à son domicile,CAD cadre,FAC,maison_fogg
"Sur vingt-quatre heures, il en passait dix à son domicile, soit qu' il dormît, soit qu' il s' occupât de sa toilette.",il,passait,dix,nsubj,root,obj,5.0,7,8.0,1070.0,1072,1073.0,[5],[8],passer,0,37,VEH,37,10,38,['0'],[],['0'],[],[],[],[],True,False,False,1,8,dix,,,,,,,,,,,objet,passait,maison_fogg,à son domicile,CAD cadre,FAC,maison_fogg
"Sur vingt-quatre heures, il en passait dix à son domicile, soit qu' il dormît, soit qu' il s' occupât de sa toilette.",il,passait,à son domicile,nsubj,root,obl:mod,5.0,7,11.0,1070.0,1072,1076.0,[5],"[9, 10, 11]",passer,0,37,VEH,37,10,38,['0'],['0'],['0'],[],['5'],['5'],['FAC'],True,True,True,1,7,en,,,,,,,,,,,ud_direct,passait,maison_fogg,à son domicile,CAD cadre,FAC,maison_fogg
"Phileas Fogg, carrément assis dans son fauteuil, les deux pieds rapprochés comme ceux d' un soldat à la parade, les mains appuyées sur les genoux, le corps droit, la tête haute, regardait marcher l' aiguille de la pendule,- appareil compliqué qui indiquait les heures, les minutes, les secondes, les jours, les quantièmes et l' année.",Phileas Fogg,marcher,l'aiguille de la pendule appareil compliqué,nsubj,xcomp,obj,1.0,39,41.0,1408.0,1446,1448.0,"[1, 2]","[40, 41, 42, 43, 44, 47, 48]",marcher,38,Dpt au sens large,VERB,45,13,46,['0'],[],['0'],[],[],[],[],True,False,False,1,12,2 octobre,date_absolue,jour,1872-10-02-00-00,1872-10-02 00:00,,,1.0,,,,precedent_context,donné,fauteuil_fogg,dans son fauteuil,CAD cadre,_,fauteuil_fogg
"À onze heures et demie sonnant, Mr. Fogg devait, suivant sa quotidienne habitude, quitter la maison et se rendre au Reform - Club.",Mr. Fogg,quitter,la maison,nsubj,xcomp,obj,8.0,17,19.0,1483.0,1492,1494.0,"[8, 9]","[18, 19]",quitter,10,43,LOC,46,13,47,['0'],[],['0'],[],['5'],['5'],['FAC'],True,True,True,1,14,à onze heures et demie sonnant,date_absolue,heure,1872-10-02-11-00,1872-10-02 11:00,,,1.0,,,,ud_scope_anchor,devait,maison_fogg,la maison,SRC source,FAC,maison_fogg ; reform_club
"James Forster, le congédié, apparut.",James Forster le congédié,apparut,,nsubj,root,,1.0,7,,1522.0,1528,,"[1, 2, 4, 5]",[],apparaître,0,52,_,48,15,49,['12'],[],['12'],[],[],[],[],True,False,False,1,14,à onze heures et demie sonnant,date_absolue,heure,1872-10-02-11-00,1872-10-02 11:00,,,1.0,,,,precedent_context,devait,,,,,
"J' ai été chanteur ambulant, écuyer dans un cirque, faisant de la voltige comme Léotard, et dansant sur la corde comme Blondin; puis je suis devenu professeur de gymnastique, afin de rendre mes talents plus utiles, et, en dernier lieu, j' étais sergent de pompiers, à Paris.",J',dansant,sur la corde,nsubj,conj,obl:arg,1.0,20,23.0,1624.0,1643,1646.0,[1],"[21, 22, 23]",danser,4,_,_,54,19,55,['1'],[],['1'],[],[],[],[],True,False,False,1,14,à onze heures et demie sonnant,date_absolue,heure,1872-10-02-11-00,1872-10-02 11:00,,,1.0,,,,precedent_context,devait,ville_paris,à paris,CAD cadre,GPE,ville_paris ; noRef_1099
"J' ai été chanteur ambulant, écuyer dans un cirque, faisant de la voltige comme Léotard, et dansant sur la corde comme Blondin; puis je suis devenu professeur de gymnastique, afin de rendre mes talents plus utiles, et, en dernier lieu, j' étais sergent de pompiers, à Paris.",J',dansant,comme Blondin,nsubj,conj,obl:mod,1.0,20,25.0,1624.0,1643,1648.0,[1],"[24, 25]",danser,4,_,_,54,19,55,['1'],[],['1'],[],[],[],[],True,False,False,1,14,à onze heures et demie sonnant,date_absolue,heure,1872-10-02-11-00,1872-10-02 11:00,,,1.0,,,,precedent_context,devait,ville_paris,à paris,CAD cadre,GPE,ville_paris ; noRef_1099
"Mais voilà cinq ans que j' ai quitté la France et que, voulant goûter de la vie de famille, je suis valet de chambre en Angleterre.",j',quitté,la France,nsubj,ccomp,obj,6.0,8,10.0,1696.0,1698,1700.0,[6],"[9, 10]",quitter,2,61,_,56,19,57,['1'],[],['1'],[],[],[],[],True,False,False,1,14,à onze heures et demie sonnant,date_absolue,heure,1872-10-02-11-00,1872-10-02 11:00,,,1.0,,,,precedent_context,devait,pays_france,la france,SRC source,GPE,pays_france ; pays_angleterre ; M35
"Cela dit, Phileas Fogg se leva, prit son chapeau de la main gauche, le plaça sur sa tête avec un mouvement d' automate et disparut sans ajouter une parole.",Phileas Fogg,disparut,,nsubj,conj,,4.0,28,,1897.0,1921,,"[4, 5]",[],disparaître,7,87,VEH,73,27,74,['0'],[],['0'],[],[],[],[],True,False,False,1,20,ce mercredi 2 octobre 1872,date_absolue,jour,1872-10-02-00-00,1872-10-02 00:00,,,1.0,,,,precedent_context,êtes,,,,,
"Passepartout entendit la porte de la rue se fermer une première fois: c' était son nouveau maître qui sortait; puis une seconde fois: c' était son prédécesseur, James Forster, qui s' en allait à son tour.",qui,sortait,,nsubj,acl:relcl,,19.0,20,,1945.0,1946,,[19],[],sortir,18,88,_,74,28,75,['0'],[],['0'],[],[],[],[],True,False,False,1,20,ce mercredi 2 octobre 1872,date_absolue,jour,1872-10-02-00-00,1872-10-02 00:00,,,1.0,,,,precedent_context,êtes,rue_fogg,la rue,lieu_sans_relation,FAC,rue_fogg
"Passepartout entendit la porte de la rue se fermer une première fois: c' était son nouveau maître qui sortait; puis une seconde fois: c' était son prédécesseur, James Forster, qui s' en allait à son tour.",qui,allait,s',nsubj,dep,expl:comp,35.0,38,36.0,1961.0,1964,1962.0,[35],[36],aller,30,51,_,74,28,75,['12'],[],['12'],[],[],[],[],True,False,False,1,20,ce mercredi 2 octobre 1872,date_absolue,jour,1872-10-02-00-00,1872-10-02 00:00,,,1.0,,,,precedent_context,êtes,rue_fogg,la rue,lieu_sans_relation,FAC,rue_fogg
"Passepartout entendit la porte de la rue se fermer une première fois: c' était son nouveau maître qui sortait; puis une seconde fois: c' était son prédécesseur, James Forster, qui s' en allait à son tour.",qui,allait,en,nsubj,dep,expl:comp,35.0,38,37.0,1961.0,1964,1963.0,[35],[37],aller,30,51,_,74,28,75,['12'],[],['12'],[],[],[],[],True,False,False,1,20,ce mercredi 2 octobre 1872,date_absolue,jour,1872-10-02-00-00,1872-10-02 00:00,,,1.0,,,,precedent_context,êtes,rue_fogg,la rue,lieu_sans_relation,FAC,rue_fogg
"Passepartout entendit la porte de la rue se fermer une première fois: c' était son nouveau maître qui sortait; puis une seconde fois: c' était son prédécesseur, James Forster, qui s' en allait à son tour.",qui,allait,à son tour,nsubj,dep,obl:mod,35.0,38,41.0,1961.0,1964,1967.0,[35],"[39, 40, 41]",aller,30,51,_,74,28,75,['12'],['12'],['12'],[],[],[],[],True,False,False,1,20,ce mercredi 2 octobre 1872,date_absolue,jour,1872-10-02-00-00,1872-10-02 00:00,,,1.0,,,,precedent_context,êtes,rue_fogg,la rue,lieu_sans_relation,FAC,rue_fogg
"Pendant les quelques instants qu' il venait d' entrevoir Phileas Fogg, Passepartout avait rapidement, mais soigneusement examiné son futur maître.",il,venait,qu',nsubj,acl:relcl,obj,6.0,7,5.0,2051.0,2052,2050.0,[6],[5],venir,4,_,_,78,32,79,['1'],[],['1'],[],[],[],[],True,False,False,2,21,pendant les quelques instants,date_absolue,heure,1872-10-02-11-00,1872-10-02 11:00,,,1.0,,,,ud_scope_anchor,avait,,,,,
"Il paraissait posséder au plus haut degré ce que les physionomistes appellent« le repos dans l' action», faculté commune à tous ceux qui font plus de besogne que de bruit.",Il,paraissait,,nsubj,root,,1.0,2,,2122.0,2123,,[1],[],paraître,0,_,_,80,32,81,['0'],[],['0'],[],[],[],[],True,False,False,2,21,pendant les quelques instants,date_absolue,heure,1872-10-02-11-00,1872-10-02 11:00,,,1.0,,,,precedent_context,avait,,,,,
"Il ne faisait pas une enjambée de trop, allant toujours par le plus court.",Il,allant,par le plus court,nsubj,advcl,obl:arg,1.0,10,15.0,2327.0,2336,2341.0,[1],"[12, 13, 14, 15]",aller,3,_,_,85,33,86,['0'],[],['0'],[],[],[],[],True,False,False,2,21,pendant les quelques instants,date_absolue,heure,1872-10-02-11-00,1872-10-02 11:00,,,1.0,,,,precedent_context,avait,,,,,
"C' était l' homme le moins hâté du monde, mais il arrivait toujours à temps.",il,arrivait,à temps,nsubj,conj,obl:mod,12.0,13,16.0,2381.0,2382,2385.0,[12],"[15, 16]",arriver,4,_,_,89,33,90,['0'],[],['0'],[],[],[],[],True,False,False,2,21,pendant les quelques instants,date_absolue,heure,1872-10-02-11-00,1872-10-02 11:00,,,1.0,,,,precedent_context,avait,,,,,
"Ayant entendu vanter le méthodisme anglais et la froideur proverbiale des gentlemen, il vint chercher fortune en Angleterre.",il,vint,,nsubj,root,,14.0,15,,2749.0,2750,,[14],[],venir,0,32,_,102,36,103,['1'],[],['1'],[],[],[],[],True,False,False,2,22,depuis cinq ans,date_absolue,annee,1867-00-00-00-00,,,,,,,,precedent_context,cherché,pays_angleterre,en angleterre,GOL goal,GPE,pays_angleterre
"Son dernier maître, le jeune Lord Longsferry, membre du Parlement, après avoir passé ses nuits dans les« oysters - rooms» d' Hay - Market, rentrait trop souvent au logis sur les épaules des policemen.",,passé,ses nuits,,acl,obj,,16,18.0,,2825,2827.0,[],"[17, 18]",passer,7,35,_,107,36,108,[],['48'],['48'],[],[],[],[],True,False,False,2,24,ses nuits,,,,,,,,,,,objet,passé,M7,dans les « oysters - rooms » d' hay - market,CAD cadre,LOC,M7 ; noRef_1104 ; M26 ; M27
"Un personnage dont l' existence était si régulière, qui ne découchait pas, qui ne voyageait pas, qui ne s' absentait jamais, pas même un jour, ne pouvait que lui convenir.",qui,découchait,,nsubj,conj,,10.0,12,,2909.0,2911,,[10],[],découcher,8,44,_,111,36,112,['0'],[],['0'],[],[],[],[],True,False,False,2,22,depuis cinq ans,date_absolue,annee,1867-00-00-00-00,,,,,,,,precedent_context,cherché,,,,,
"Un personnage dont l' existence était si régulière, qui ne découchait pas, qui ne voyageait pas, qui ne s' absentait jamais, pas même un jour, ne pouvait que lui convenir.",qui,voyageait,,nsubj,conj,,15.0,17,,2914.0,2916,,[15],[],voyager,8,53,_,111,36,112,['0'],[],['0'],[],[],[],[],True,False,False,2,22,depuis cinq ans,date_absolue,annee,1867-00-00-00-00,,,,,,,,precedent_context,cherché,,,,,
Il la parcourut de la cave au grenier.,Il,parcourut,la,nsubj,root,obj,1.0,3,2.0,2978.0,2980,2979.0,[1],[2],parcourir,0,52,_,115,37,116,['1'],[],['1'],[],['5'],['5'],['FAC'],True,True,True,2,22,depuis cinq ans,date_absolue,annee,1867-00-00-00-00,,,,,,,,precedent_context,cherché,maison_fogg,la,CAD cadre,FAC,maison_fogg ; M13 ; M12
Il la parcourut de la cave au grenier.,Il,parcourut,de la cave au grenier,nsubj,root,obl:arg,1.0,3,6.0,2978.0,2980,2983.0,[1],"[4, 5, 6, 7, 8]",parcourir,0,52,_,115,37,116,['1'],[],['1'],[],['55'],['55'],['LOC'],True,True,True,2,22,depuis cinq ans,date_absolue,annee,1867-00-00-00-00,,,,,,,,precedent_context,cherché,M12,de la cave,SRC source,_,M12 ; maison_fogg ; M13
"«Cela me va, cela me va!» se dit Passepartout.",Cela,va,me,nsubj,root,iobj,2.0,4,3.0,3120.0,3122,3121.0,[2],[3],aller,0,_,_,122,38,123,[],['1'],['1'],[],[],[],[],True,False,False,2,22,depuis cinq ans,date_absolue,annee,1867-00-00-00-00,,,,,,,,precedent_context,cherché,,,,,
"«Cela me va, cela me va!» se dit Passepartout.",cela,va,me,nsubj,parataxis,iobj,6.0,8,7.0,3124.0,3126,3125.0,[6],[7],aller,4,_,_,122,38,123,[],['1'],['1'],[],[],[],[],True,False,False,2,22,depuis cinq ans,date_absolue,annee,1867-00-00-00-00,,,,,,,,precedent_context,cherché,,,,,
"Il comprenait- depuis huit heures du matin, heure réglementaire à laquelle se levait Phileas Fogg, jusqu' à onze heures et demie, heure à laquelle il quittait sa maison pour aller déjeuner au Reform - Club - tous les détails du service, le thé et les rôties de huit heures vingt-trois, l' eau pour la barbe de neuf heures trente-sept, la coiffure de dix heures moins vingt,etc. Puis de onze heures et demie du matin à minuit - heure à laquelle se couchait le méthodique gentleman -, tout était noté, prévu, régularisé.",il,quittait,sa maison,nsubj,acl:relcl,obj,29.0,30,32.0,3185.0,3186,3188.0,[29],"[31, 32]",quitter,26,41,_,125,39,126,['0'],['0'],['0'],[],['5'],['5'],['FAC'],True,True,True,2,27,jusqu' à onze heures et demie,date_absolue,annee,1872-00-00-00-00,,,,,,,,ud_scope_anchor,comprenait,maison_fogg,sa maison,SRC source,FAC,maison_fogg ; reform_club
"Il comprenait- depuis huit heures du matin, heure réglementaire à laquelle se levait Phileas Fogg, jusqu' à onze heures et demie, heure à laquelle il quittait sa maison pour aller déjeuner au Reform - Club - tous les détails du service, le thé et les rôties de huit heures vingt-trois, l' eau pour la barbe de neuf heures trente-sept, la coiffure de dix heures moins vingt,etc. Puis de onze heures et demie du matin à minuit - heure à laquelle se couchait le méthodique gentleman -, tout était noté, prévu, régularisé.",il,aller,,nsubj,advcl,,29.0,34,,3185.0,3190,,[29],[],aller,30,40,FAC,125,39,126,['0'],[],['0'],[],[],[],[],True,False,False,2,27,jusqu' à onze heures et demie,date_absolue,annee,1872-00-00-00-00,,,,,,,,ud_scope_anchor,comprenait,reform_club,au reform - club,CAD cadre,FAC,reform_club ; maison_fogg
"Quant à la garde-robe de monsieur, elle était fort bien montée et merveilleusement comprise.",elle,montée,Quant à la garde-robe de monsieur,nsubj:pass,root,obl:mod,8.0,12,4.0,3288.0,3292,3284.0,[8],"[1, 2, 3, 4, 5, 6]",monter,0,_,_,127,40,128,[],['1'],['1'],[],[],[],[],True,False,False,2,27,jusqu' à onze heures et demie,date_absolue,annee,1872-00-00-00-00,,,,,,,,precedent_context,comprenait,,,,,
«Cela me va! voilà mon affaire!,Cela,va,me,nsubj,ccomp,iobj,2.0,4,3.0,3500.0,3502,3501.0,[2],[3],aller,0,_,_,136,43,137,[],['1'],['1'],[],[],[],[],True,False,False,2,27,jusqu' à onze heures et demie,date_absolue,annee,1872-00-00-00-00,,,,,,,,precedent_context,comprenait,,,,,
"Phileas Fogg avait quitté sa maison de Saville - row à onze heures et demie, et, après avoir placé cinq cent soixante-quinze fois son pied droit devant son pied gauche et cinq cent soixante-seize fois son pied gauche devant son pied droit, il arriva au Reform - Club, vaste édifice, élevé dans Pall - Mall, qui n' a pas coûté moins de trois millions à bâtir.",Phileas Fogg,quitté,sa maison de Saville-row,nsubj,root,obj,1.0,4,6.0,3542.0,3545,3547.0,"[1, 2]","[5, 6, 7, 8, 9, 10]",quitter,0,19,FAC,141,44,142,['0'],['0'],['0'],[],"['5', '10']","['5', '10']",['FAC'],True,True,True,3,33,à onze heures et demie,date_absolue,heure,1872-10-02-11-00,1872-10-02 11:00,,,1.0,,,,ud_direct,quitté,maison_fogg,sa maison de saville - row,SRC source,FAC,maison_fogg ; rue_fogg ; reform_club
"Phileas Fogg avait quitté sa maison de Saville - row à onze heures et demie, et, après avoir placé cinq cent soixante-quinze fois son pied droit devant son pied gauche et cinq cent soixante-seize fois son pied gauche devant son pied droit, il arriva au Reform - Club, vaste édifice, élevé dans Pall - Mall, qui n' a pas coûté moins de trois millions à bâtir.",Phileas Fogg,quitté,à onze heures et demie,nsubj,root,obl:mod,1.0,4,13.0,3542.0,3545,3554.0,"[1, 2]","[11, 12, 13, 14, 15]",quitter,0,19,FAC,141,44,142,['0'],[],['0'],[],[],[],[],True,False,False,3,33,à onze heures et demie,date_absolue,heure,1872-10-02-11-00,1872-10-02 11:00,,,1.0,,,,objet,quitté,maison_fogg,sa maison de saville - row,SRC source,FAC,maison_fogg ; rue_fogg ; reform_club
"Phileas Fogg avait quitté sa maison de Saville - row à onze heures et demie, et, après avoir placé cinq cent soixante-quinze fois son pied droit devant son pied gauche et cinq cent soixante-seize fois son pied gauche devant son pied droit, il arriva au Reform - Club, vaste édifice, élevé dans Pall - Mall, qui n' a pas coûté moins de trois millions à bâtir.",il,arriva,au Reform,nsubj,conj,obl:arg,46.0,47,49.0,3587.0,3588,3590.0,[46],"[48, 49]",arriver,4,32,_,141,44,142,['0'],[],['0'],[],['3'],['3'],['FAC'],True,True,True,3,33,à onze heures et demie,date_absolue,heure,1872-10-02-11-00,1872-10-02 11:00,,,1.0,,,,ud_scope_anchor,quitté,reform_club,au reform - club,lieu_sans_relation,FAC,reform_club ; maison_fogg ; rue_fogg
"À six heures moins vingt, le gentleman reparut dans le grand salon et s' absorba dans la lecture du Morning Chronicle.",le gentleman,reparut,À six heures moins vingt,nsubj,root,obl:mod,8.0,9,3.0,3852.0,3853,3847.0,"[7, 8]","[1, 2, 3, 4, 5]",reparaître,0,35,_,149,47,150,['0'],[],['0'],[],[],[],[],True,False,False,3,41,à six heures moins vingt,date_absolue,heure,1872-10-02-17-00,1872-10-02 17:00,,,1.0,,,,objet,reparut,grand_salon_club,dans le grand salon,GOL goal,FAC,grand_salon_club
"À six heures moins vingt, le gentleman reparut dans le grand salon et s' absorba dans la lecture du Morning Chronicle.",le gentleman,reparut,dans le grand salon,nsubj,root,obl:arg,8.0,9,13.0,3852.0,3853,3857.0,"[7, 8]","[10, 11, 12, 13]",reparaître,0,35,_,149,47,150,['0'],[],['0'],[],['24'],['24'],['FAC'],True,True,True,3,41,à six heures moins vingt,date_absolue,heure,1872-10-02-17-00,1872-10-02 17:00,,,1.0,,,,ud_direct,reparut,grand_salon_club,dans le grand salon,GOL goal,FAC,grand_salon_club
"Une demi-heure plus tard, divers membres du Reform - Club faisaient leur entrée et s' approchaient de la cheminée, où brûlait un feu de houille.",divers membres du Reform-Club,approchaient,s',nsubj,conj,expl:comp,7.0,17,16.0,3874.0,3884,3883.0,"[6, 7, 8, 9, 10, 11]",[16],approcher,12,54,_,150,48,151,['4'],[],['4'],['3'],[],['3'],['FAC'],True,True,True,3,41,à six heures moins vingt,date_absolue,heure,1872-10-02-17-00,1872-10-02 17:00,,,1.0,,,,precedent_context,reparut,M16,de la cheminée,GOL goal,_,M16 ; reform_club
"Une demi-heure plus tard, divers membres du Reform - Club faisaient leur entrée et s' approchaient de la cheminée, où brûlait un feu de houille.",divers membres du Reform-Club,approchaient,de la cheminée,nsubj,conj,obl:arg,7.0,17,20.0,3874.0,3884,3887.0,"[6, 7, 8, 9, 10, 11]","[18, 19, 20]",approcher,12,54,_,150,48,151,['4'],[],['4'],['3'],[],['3'],['FAC'],True,True,True,3,41,à six heures moins vingt,date_absolue,heure,1872-10-02-17-00,1872-10-02 17:00,,,1.0,,,,precedent_context,reparut,M16,de la cheminée,GOL goal,_,M16 ; reform_club
"Des inspecteurs de police, gens fort habiles, ont été envoyés en Amérique et en Europe, dans tous les principaux ports d' embarquement et de débarquement, et il sera difficile à ce monsieur de leur échapper.",,échapper,leur,,dep,iobj,,39,38.0,,4061,4060.0,[],[38],échapper,33,Dpt au sens large,VERB,155,51,156,[],['17'],['17'],[],[],[],[],True,False,False,3,41,à six heures moins vingt,date_absolue,heure,1872-10-02-17-00,1872-10-02 17:00,,,1.0,,,,precedent_context,reparut,continent_amerique,en amérique,GOL goal,GPE,continent_amerique ; continent_europe
"Celui qui fit cette réponse n' était autre que Phileas Fogg, dont la tête émergeait alors du flot de papier amassé autour de lui.",dont la tête,émergeait,du flot de papier autour de lui,nsubj,acl:relcl,obl:arg,15.0,16,19.0,4169.0,4170,4173.0,"[13, 14, 15]","[18, 19, 20, 21, 23, 24, 25]",émerger,10,_,_,162,58,163,['0'],['0'],['0'],[],[],[],[],True,False,False,3,41,à six heures moins vingt,date_absolue,heure,1872-10-02-17-00,1872-10-02 17:00,,,1.0,,,,precedent_context,reparut,,,,,
"- Oui, quatre-vingts jours! s' écria, Andrew Stuart, qui par inattention, coupa une carte maîtresse, mais non compris le mauvais temps, les vents contraires, les naufrages, les déraillements, etc.",qui,coupa,par inattention,nsubj,acl:relcl,obl:mod,13.0,17,15.0,5452.0,5456,5454.0,[13],"[14, 15]",couper,8,_,_,216,91,217,['2'],[],['2'],[],[],[],[],True,False,False,3,49,pendant cette journée du 29 septembre,date_absolue,jour,1872-09-29-00-00,1872-09-29 00:00,,,-2.0,,,,precedent_context,remarqué,,,,,
"- Oui, quatre-vingts jours! s' écria, Andrew Stuart, qui par inattention, coupa une carte maîtresse, mais non compris le mauvais temps, les vents contraires, les naufrages, les déraillements, etc.",qui,coupa,une carte maîtresse mais non compris le mauvais temps les vents contraires les naufrages les déraillements etc.,nsubj,acl:relcl,obj,13.0,17,19.0,5452.0,5456,5458.0,[13],"[18, 19, 20, 22, 23, 24, 25, 26, 27, 29, 30, 31, 33, 34, 36, 37, 39]",couper,8,_,_,216,91,217,['2'],[],['2'],[],[],[],[],True,False,False,3,49,pendant cette journée du 29 septembre,date_absolue,jour,1872-09-29-00-00,1872-09-29 00:00,,,-2.0,,,,precedent_context,remarqué,,,,,
-Je sauterai mathématiquement.,-Je,sauterai,,nsubj,root,,1.0,2,,5949.0,5950,,[1],[],sauter,0,_,_,254,121,255,['0'],[],['0'],[],[],[],[],True,False,False,3,63,tout de suite,date_absolue,heure,1872-10-02-18-00,1872-10-02 18:00,,,1.0,,,,precedent_context,.,,,,,
"Il n' avait certainement pas parié pour gagner, et n' avait engagé ces vingt mille livres- la moitié de sa fortune- que parce qu' il prévoyait qu' il pourrait avoir à dépenser l' autre pour mener à bien ce difficile, pour ne pas dire inexécutable projet.",Il,gagner,,nsubj,advcl,,1.0,8,,6185.0,6192,,[1],[],gagner,6,Dpt au sens large,VERB,270,128,271,['0'],[],['0'],[],[],[],[],True,False,False,3,68,-ce soir même,date_absolue,heure,1872-10-02-20-00,1872-10-02 20:00,,,1.0,,,,precedent_context,répondit,,,,,
"Quant à ses adversaires, eux, ils paraissaient émus, non pas à cause de la valeur de l' enjeu, mais parce qu' ils se faisaient une sorte de scrupule de lutter dans ces conditions.",ils,paraissaient,Quant à ses adversaires,nsubj,root,obl:mod,8.0,9,4.0,6243.0,6244,6239.0,[8],"[1, 2, 3, 4]",paraître,0,_,_,271,128,272,['4'],"['0', '4']","['4', '0']",[],[],[],[],True,False,False,3,68,-ce soir même,date_absolue,heure,1872-10-02-20-00,1872-10-02 20:00,,,1.0,,,,precedent_context,répondit,,,,,
"Quant à ses adversaires, eux, ils paraissaient émus, non pas à cause de la valeur de l' enjeu, mais parce qu' ils se faisaient une sorte de scrupule de lutter dans ces conditions.",ils,paraissaient,eux,nsubj,root,obl:mod,8.0,9,6.0,6243.0,6244,6241.0,[8],[6],paraître,0,_,_,271,128,272,['4'],['4'],['4'],[],[],[],[],True,False,False,3,68,-ce soir même,date_absolue,heure,1872-10-02-20-00,1872-10-02 20:00,,,1.0,,,,precedent_context,répondit,,,,,
"Quant à ses adversaires, eux, ils paraissaient émus, non pas à cause de la valeur de l' enjeu, mais parce qu' ils se faisaient une sorte de scrupule de lutter dans ces conditions.",ils,paraissaient,non pas à cause de la valeur de l'enjeu,nsubj,root,obl:mod,8.0,9,15.0,6243.0,6244,6250.0,[8],"[12, 13, 14, 15, 16, 17, 18, 19, 20, 21]",paraître,0,_,_,271,128,272,['4'],[],['4'],[],[],[],[],True,False,False,3,68,-ce soir même,date_absolue,heure,1872-10-02-20-00,1872-10-02 20:00,,,1.0,,,,precedent_context,répondit,,,,,
"À sept heures vingt-cinq, Phileas Fogg, après avoir gagné une vingtaine de guinées au whist, prit congé de ses honorables collègues, et quitta le Reform - Club.",Phileas Fogg,gagné,une vingtaine de guinées,nsubj,advcl,obj,6.0,11,13.0,6337.0,6342,6344.0,"[6, 7]","[12, 13, 14, 15]",gagner,19,_,_,278,132,279,['0'],[],['0'],[],[],[],[],True,False,False,4,74,à sept heures vingt-cinq,date_absolue,heure,1872-10-02-19-00,1872-10-02 19:00,,,1.0,,,,ud_scope_anchor,prit,reform_club,le reform - club,SRC source,FAC,reform_club
"À sept heures vingt-cinq, Phileas Fogg, après avoir gagné une vingtaine de guinées au whist, prit congé de ses honorables collègues, et quitta le Reform - Club.",Phileas Fogg,gagné,au whist,nsubj,advcl,obl:mod,6.0,11,17.0,6337.0,6342,6348.0,"[6, 7]","[16, 17]",gagner,19,_,_,278,132,279,['0'],[],['0'],[],[],[],[],True,False,False,4,74,à sept heures vingt-cinq,date_absolue,heure,1872-10-02-19-00,1872-10-02 19:00,,,1.0,,,,ud_scope_anchor,prit,reform_club,le reform - club,SRC source,FAC,reform_club
"À sept heures vingt-cinq, Phileas Fogg, après avoir gagné une vingtaine de guinées au whist, prit congé de ses honorables collègues, et quitta le Reform - Club.",Phileas Fogg,quitta,le Reform-Club,nsubj,conj,obj,6.0,27,29.0,6337.0,6358,6360.0,"[6, 7]","[28, 29]",quitter,19,28,_,278,132,279,['0'],[],['0'],[],['3'],['3'],['FAC'],True,True,True,4,74,à sept heures vingt-cinq,date_absolue,heure,1872-10-02-19-00,1872-10-02 19:00,,,1.0,,,,ud_scope_anchor,prit,reform_club,le reform - club,SRC source,FAC,reform_club
"À sept heures vingt-cinq, Phileas Fogg, après avoir gagné une vingtaine de guinées au whist, prit congé de ses honorables collègues, et quitta le Reform - Club.",Phileas Fogg,quitta,Reform-Club,nsubj,conj,obl:arg,6.0,27,30.0,6337.0,6358,6361.0,"[6, 7]",[30],quitter,19,28,_,278,132,279,['0'],[],['0'],[],['3'],['3'],['FAC'],True,True,True,4,74,à sept heures vingt-cinq,date_absolue,heure,1872-10-02-19-00,1872-10-02 19:00,,,1.0,,,,ud_scope_anchor,prit,reform_club,le reform - club,SRC source,FAC,reform_club
"À sept heures vingt-cinq, Phileas Fogg, après avoir gagné une vingtaine de guinées au whist, prit congé de ses honorables collègues, et quitta le Reform - Club.",Phileas Fogg,quitta,Reform-Club,nsubj,conj,obl:arg,6.0,27,31.0,6337.0,6358,6362.0,"[6, 7]",[31],quitter,19,28,_,278,132,279,['0'],[],['0'],[],['3'],['3'],['FAC'],True,True,True,4,74,à sept heures vingt-cinq,date_absolue,heure,1872-10-02-19-00,1872-10-02 19:00,,,1.0,,,,ud_scope_anchor,prit,reform_club,le reform - club,SRC source,FAC,reform_club
"Passepartout, qui avait consciencieusement étudié son programme, fut assez surpris en voyant Mr. Fogg, coupable d' inexactitude, apparaître à cette heure insolite.",Passepartout,apparaître,à cette heure insolite,nsubj:pass,xcomp,obl:mod,1.0,22,25.0,6381.0,6402,6405.0,[1],"[23, 24, 25, 26]",apparaître,12,Dpt au sens large,VERB,280,133,281,['1'],[],['1'],[],[],[],[],True,False,False,4,76,cette heure insolite,date_absolue,heure,1872-10-02-19-00,1872-10-02 19:00,,,1.0,,,,objet,apparaître,,,,,
"Suivant la notice, le locataire de Saville - row ne devait rentrer qu' à minuit précis.",le locataire de Saville-row,rentrer,qu'à minuit précis,nsubj,xcomp,obl:mod,6.0,13,16.0,6413.0,6420,6423.0,"[5, 6, 7, 8, 9, 10]","[14, 15, 16, 17]",rentrer,12,Dpt au sens large,VERB,281,133,282,['0'],[],['0'],['10'],[],['10'],['FAC'],True,True,True,4,77,minuit précis,date_absolue,jour,1872-10-03-00-00,1872-10-03 00:00,,,2.0,,,,objet,rentrer,rue_fogg,saville - row,lieu_sans_relation,FAC,rue_fogg
"Phileas Fogg était tout d' abord monté à sa chambre, puis il appela:",Phileas Fogg,monté,à sa chambre,nsubj,root,obl:arg,1.0,7,10.0,6426.0,6432,6435.0,"[1, 2]","[8, 9, 10]",monter,0,20,_,282,134,283,['0'],['0'],['0'],[],['45'],['45'],['FAC'],True,True,True,4,75,à sept heures cinquante,date_absolue,heure,1872-10-02-19-00,1872-10-02 19:00,,,1.0,,,,precedent_context,ouvrait,chambre_fogg,à sa chambre,GOL goal,FAC,chambre_fogg
Nous allons faire le tour du monde.»,Nous,allons,,nsubj,root,,1.0,2,,6581.0,6582,,[1],[],aller,0,_,_,297,144,298,['11'],[],['11'],[],[],[],[],True,False,False,4,79,dans dix minutes,date_absolue,heure,1872-10-02-20-00,1872-10-02 20:00,,,1.0,,,,precedent_context,partons,,,,,
Vous descendrez mon mackintosh et ma couverture de voyage.,Vous,descendrez,mon mackintosh et ma couverture de voyage,nsubj,root,obj,1.0,2,4.0,6708.0,6709,6711.0,[1],"[3, 4, 5, 6, 7, 8, 9]",descendre,0,40,FAC,309,149,310,['1'],['0'],"['1', '0']",[],[],[],[],True,False,False,4,79,dans dix minutes,date_absolue,heure,1872-10-02-20-00,1872-10-02 20:00,,,1.0,,,,precedent_context,partons,,,,,
"D' ailleurs, nous marcherons peu ou pas.",nous,marcherons,D'ailleurs,nsubj,root,obl:mod,4.0,5,2.0,6726.0,6727,6724.0,[4],"[1, 2]",marcher,0,38,_,311,149,312,['11'],[],['11'],[],[],[],[],True,False,False,4,79,dans dix minutes,date_absolue,heure,1872-10-02-20-00,1872-10-02 20:00,,,1.0,,,,precedent_context,partons,,,,,
"Il quitta la chambre de Mr. Fogg, monta dans la sienne, tomba sur une chaise, et employant une phrase assez vulgaire de son pays:",Il,quitta,la chambre de Mr. Fogg,nsubj,root,obj,1.0,2,4.0,6744.0,6745,6747.0,[1],"[3, 4, 5, 6, 7]",quitter,0,33,TIME,315,150,316,['1'],['0'],"['1', '0']",[],['45'],['45'],['FAC'],True,True,True,4,81,quitta,,,,,,,,,,,ud_direct,quitta,chambre_fogg,la chambre de mr. fogg,SRC source,FAC,chambre_fogg ; chambre_passepartout ; M26 ; pays_France
"Il quitta la chambre de Mr. Fogg, monta dans la sienne, tomba sur une chaise, et employant une phrase assez vulgaire de son pays:",Il,monta,dans la sienne,nsubj,conj,obl:arg,1.0,9,12.0,6744.0,6752,6755.0,[1],"[10, 11, 12]",monter,2,49,TIME,315,150,316,['1'],['1'],['1'],[],['15'],['15'],['FAC'],True,True,True,4,79,dans dix minutes,date_absolue,heure,1872-10-02-20-00,1872-10-02 20:00,,,1.0,,,,precedent_context,partons,chambre_passepartout,dans la sienne,GOL goal,FAC,chambre_passepartout ; M26 ; chambre_fogg ; pays_France
"Il quitta la chambre de Mr. Fogg, monta dans la sienne, tomba sur une chaise, et employant une phrase assez vulgaire de son pays:",Il,tomba,sur une chaise,nsubj,conj,obl:arg,1.0,14,17.0,6744.0,6757,6760.0,[1],"[15, 16, 17]",tomber,9,39,_,315,150,316,['1'],[],['1'],[],[],[],[],True,False,False,4,79,dans dix minutes,date_absolue,heure,1872-10-02-20-00,1872-10-02 20:00,,,1.0,,,,precedent_context,partons,M26,sur une chaise,GOL goal,VEH,M26 ; chambre_passepartout ; chambre_fogg ; pays_France
"On allait à Douvres, bien.",On,allait,à Douvres,nsubj,root,obl:arg,1.0,2,4.0,6828.0,6829,6831.0,[1],"[3, 4]",aller,0,43,LOC,323,152,324,['11'],[],['11'],[],[],[],[],True,False,False,4,79,dans dix minutes,date_absolue,heure,1872-10-02-20-00,1872-10-02 20:00,,,1.0,,,,precedent_context,partons,ville_douvres,à douvres,GOL goal,GPE,ville_douvres
"Après tout, cela ne pouvait notablement contrarier le brave garçon, qui, depuis cinq ans, n' avait pas foulé le sol de la patrie.",qui,foulé,depuis cinq ans,nsubj,acl:relcl,obl:mod,13.0,22,17.0,6852.0,6861,6856.0,[13],"[15, 16, 17]",fouler,11,36,VEH,325,152,326,['1'],[],['1'],[],[],[],[],True,False,False,4,83,depuis cinq ans,date_absolue,annee,1867-00-00-00-00,,,,,,,,objet,foulé,M28,le sol de la patrie,CAD cadre,VEH,M28 ; pays_France
"Après tout, cela ne pouvait notablement contrarier le brave garçon, qui, depuis cinq ans, n' avait pas foulé le sol de la patrie.",qui,foulé,le sol de la patrie,nsubj,acl:relcl,obj,13.0,22,24.0,6852.0,6861,6863.0,[13],"[23, 24, 25, 26, 27]",fouler,11,36,VEH,325,152,326,['1'],[],['1'],[],[],[],[],True,False,False,4,83,depuis cinq ans,date_absolue,annee,1867-00-00-00-00,,,,,,,,ud_direct,foulé,M28,le sol de la patrie,CAD cadre,VEH,M28 ; pays_France
"À huit heures, Passepartout avait préparé le modeste sac qui contenait sa garde-robe et celle de son maître; puis, l' esprit encore troublé, il quitta sa chambre, dont il ferma soigneusement la porte, et il rejoignit Mr. Fogg.",il,quitta,l'esprit,nsubj,root,obl:mod,28.0,29,24.0,6963.0,6964,6959.0,[28],"[23, 24]",quitter,0,74,VEH,328,153,329,['1'],[],['1'],[],[],[],[],True,False,False,4,84,à huit heures,date_absolue,heure,1872-10-02-20-00,1872-10-02 20:00,,,1.0,,,,precedent_context,préparé,mr_fogg--0,mr. fogg,GOL goal,PER,mr_fogg--0 ; chambre_passepartout
"À huit heures, Passepartout avait préparé le modeste sac qui contenait sa garde-robe et celle de son maître; puis, l' esprit encore troublé, il quitta sa chambre, dont il ferma soigneusement la porte, et il rejoignit Mr. Fogg.",il,quitta,sa chambre,nsubj,root,obj,28.0,29,31.0,6963.0,6964,6966.0,[28],"[30, 31]",quitter,0,74,VEH,328,153,329,['1'],['1'],['1'],[],['15'],['15'],['FAC'],True,True,True,4,84,à huit heures,date_absolue,heure,1872-10-02-20-00,1872-10-02 20:00,,,1.0,,,,precedent_context,préparé,chambre_passepartout,sa chambre,SRC source,FAC,chambre_passepartout ; mr_fogg--0
"À huit heures, Passepartout avait préparé le modeste sac qui contenait sa garde-robe et celle de son maître; puis, l' esprit encore troublé, il quitta sa chambre, dont il ferma soigneusement la porte, et il rejoignit Mr. Fogg.",il,rejoignit,Mr. Fogg,nsubj,conj,obj,41.0,42,43.0,6976.0,6977,6978.0,[41],"[43, 44]",rejoindre,29,42,_,328,153,329,['1'],['0'],"['1', '0']",[],[],[],[],True,False,False,4,84,à huit heures,date_absolue,heure,1872-10-02-20-00,1872-10-02 20:00,,,1.0,,,,precedent_context,préparé,mr_fogg--0,mr. fogg,GOL goal,PER,mr_fogg--0 ; chambre_passepartout
"Le sac faillit s' échapper des mains de Passepartout, comme si les vingt mille livres eussent été en or et pesé considérablement.",Le sac,échapper,des mains de Passepartout,nsubj,xcomp,obl:arg,2.0,5,7.0,7112.0,7115,7117.0,"[1, 2]","[6, 7, 8, 9]",échapper,3,Dpt au sens large,VERB,340,162,341,[],['1'],['1'],[],[],[],[],True,False,False,4,84,à huit heures,date_absolue,heure,1872-10-02-20-00,1872-10-02 20:00,,,1.0,,,,precedent_context,préparé,,,,,
"Le maître et le domestique descendirent alors, et la porte de la rue fut fermée à double tour.",Le maître et le domestique,descendirent,,nsubj,root,,2.0,6,,7136.0,7140,,"[1, 2, 3, 4, 5]",[],descendre,0,75,_,341,163,342,"['0', '11', '1']",[],"['0', '11', '1']",[],[],[],[],True,False,False,4,84,à huit heures,date_absolue,heure,1872-10-02-20-00,1872-10-02 20:00,,,1.0,,,,precedent_context,préparé,rue_fogg,la rue,lieu_sans_relation,FAC,rue_fogg
"Phileas Fogg et son domestique montèrent dans un cab, qui se dirigea rapidement vers la gare de Charing - Cross, à laquelle aboutit un des embranchements du South - Eastern - railway.",Phileas Fogg et son domestique,montèrent,dans un cab,nsubj,root,obl:arg,1.0,6,9.0,7169.0,7174,7177.0,"[1, 2, 3, 4, 5]","[7, 8, 9]",monter,0,44,_,343,164,344,"['0', '11', '1']",[],"['0', '11', '1']",[],[],[],[],True,False,False,4,84,à huit heures,date_absolue,heure,1872-10-02-20-00,1872-10-02 20:00,,,1.0,,,,precedent_context,préparé,un_cab,dans un cab,CAD cadre,VEH,un_cab ; gare_charing_cross ; M35
Passepartout sauta à terre.,Passepartout,sauta,à terre,nsubj,root,obl:arg,1.0,2,4.0,7220.0,7221,7223.0,[1],"[3, 4]",sauter,0,69,_,345,165,346,['1'],[],['1'],[],[],[],[],True,False,False,4,85,à huit heures vingt,date_absolue,heure,1872-10-02-20-00,1872-10-02 20:00,,,1.0,,,,precedent_context,arrêta,M38,à terre,lieu_sans_relation,VEH,M38
Son maître le suivit et paya le cocher.,Son maître,suivit,le,nsubj,root,obj,2.0,4,3.0,7226.0,7228,7227.0,"[1, 2]",[3],suivre,0,87,VEH,346,165,347,"['1', '0']",['1'],"['1', '0']",[],[],[],[],True,False,False,4,85,à huit heures vingt,date_absolue,heure,1872-10-02-20-00,1872-10-02 20:00,,,1.0,,,,precedent_context,arrêta,,,,,
"En ce moment, une pauvre mendiante, tenant un enfant à la main, pieds nus dans la boue, coiffée d' un chapeau dépenaillé auquel pendait une plume lamentable, un châle en loques sur ses haillons, s' approcha de Mr. Fogg et lui demanda l' aumône.",En ce moment une pauvre mendiante un châle en loques sur ses haillons,approcha,s',nsubj,root,expl:comp,7.0,42,41.0,7240.0,7275,7274.0,"[1, 2, 3, 5, 6, 7, 33, 34, 35, 36, 37, 38, 39]",[41],approcher,0,55,LOC,347,166,348,['29'],[],['29'],[],['55'],['55'],['LOC'],True,True,True,4,86,en ce moment,date_absolue,heure,1872-10-02-20-00,1872-10-02 20:00,,,1.0,,,,sujet,mendiante,mr_fogg--0,de mr. fogg,GOL goal,PER,mr_fogg--0
"En ce moment, une pauvre mendiante, tenant un enfant à la main, pieds nus dans la boue, coiffée d' un chapeau dépenaillé auquel pendait une plume lamentable, un châle en loques sur ses haillons, s' approcha de Mr. Fogg et lui demanda l' aumône.",En ce moment une pauvre mendiante un châle en loques sur ses haillons,approcha,de Mr. Fogg,nsubj,root,obl:arg,7.0,42,44.0,7240.0,7275,7277.0,"[1, 2, 3, 5, 6, 7, 33, 34, 35, 36, 37, 38, 39]","[43, 44, 45]",approcher,0,55,LOC,347,166,348,['29'],['0'],"['29', '0']",[],[],[],[],True,False,False,4,86,en ce moment,date_absolue,heure,1872-10-02-20-00,1872-10-02 20:00,,,1.0,,,,sujet,mendiante,mr_fogg--0,de mr. fogg,GOL goal,PER,mr_fogg--0
"Mr. Fogg tira de sa poche les vingt guinées qu' il venait de gagner au whist, et, les présentant à la mendiante:",il,venait,,nsubj,acl:relcl,,11.0,12,,7295.0,7296,,[11],[],venir,9,_,_,348,167,349,['0'],[],['0'],[],[],[],[],True,False,False,4,85,à huit heures vingt,date_absolue,heure,1872-10-02-20-00,1872-10-02 20:00,,,1.0,,,,precedent_context,arrêta,,,,,
"Mr. Fogg tira de sa poche les vingt guinées qu' il venait de gagner au whist, et, les présentant à la mendiante:",il,gagner,au whist,nsubj,xcomp,obl:mod,11.0,14,16.0,7295.0,7298,7300.0,[11],"[15, 16]",gagner,12,Dpt au sens large,VERB,348,167,349,['0'],[],['0'],[],[],[],[],True,False,False,4,85,à huit heures vingt,date_absolue,heure,1872-10-02-20-00,1872-10-02 20:00,,,1.0,,,,precedent_context,arrêta,,,,,
"«Tenez, ma brave femme, dit -il, je suis content de vous avoir rencontrée!»",je,rencontrée,vous,nsubj,xcomp,obj,11.0,17,15.0,7320.0,7326,7324.0,[11],[15],rencontrer,13,_,_,349,168,350,['0'],['29'],"['0', '29']",[],[],[],[],True,False,False,4,85,à huit heures vingt,date_absolue,heure,1872-10-02-20-00,1872-10-02 20:00,,,1.0,,,,precedent_context,arrêta,,,,,
Puis il passa.,il,passa,,nsubj,conj,,2.0,3,,7330.0,7331,,[2],[],passer,0,_,_,350,169,351,['0'],[],['0'],[],[],[],[],True,False,False,4,85,à huit heures vingt,date_absolue,heure,1872-10-02-20-00,1872-10-02 20:00,,,1.0,,,,precedent_context,arrêta,,,,,
Mr. Fogg et lui entrèrent aussitôt dans la grande salle de la gare.,Mr. Fogg,entrèrent,lui,nsubj,root,iobj,1.0,5,4.0,7355.0,7359,7358.0,"[1, 2]",[4],entrer,0,88,_,353,171,354,['0'],['1'],"['0', '1']",[],[],[],[],True,False,False,4,85,à huit heures vingt,date_absolue,heure,1872-10-02-20-00,1872-10-02 20:00,,,1.0,,,,precedent_context,arrêta,salle_gare_cc,dans la grande salle de la gare,CAD cadre,FAC,salle_gare_cc ; gare_charing_cross
Mr. Fogg et lui entrèrent aussitôt dans la grande salle de la gare.,Mr. Fogg,entrèrent,dans la grande salle de la gare,nsubj,root,obl:arg,1.0,5,10.0,7355.0,7359,7364.0,"[1, 2]","[7, 8, 9, 10, 11, 12, 13]",entrer,0,88,_,353,171,354,['0'],[],['0'],[],"['104', '47']","['104', '47']",['FAC'],True,True,True,4,85,à huit heures vingt,date_absolue,heure,1872-10-02-20-00,1872-10-02 20:00,,,1.0,,,,precedent_context,arrêta,salle_gare_cc,dans la grande salle de la gare,CAD cadre,FAC,salle_gare_cc ; gare_charing_cross
"Puis, se retournant, il aperçut ses cinq collègues du Reform - Club.",il,retournant,se,nsubj,advcl,expl:comp,6.0,4,3.0,7393.0,7391,7390.0,[6],[3],retourner,7,97,_,355,171,356,['0'],[],['0'],[],[],[],[],True,False,False,4,85,à huit heures vingt,date_absolue,heure,1872-10-02-20-00,1872-10-02 20:00,,,1.0,,,,precedent_context,arrêta,,,,,
-Vous n' oubliez pas que vous devez être revenu?,vous,revenu,,nsubj,xcomp,,6.0,9,,7477.0,7480,,[6],[],revenir,7,117,_,360,175,361,['0'],[],['0'],[],[],[],[],True,False,False,4,85,à huit heures vingt,date_absolue,heure,1872-10-02-20-00,1872-10-02 20:00,,,1.0,,,,precedent_context,arrêta,,,,,
"- Eh bien, mon garçon, répondit froidement Mr. Fogg, il brûle à votre compte!»",il,brûle,à votre compte,nsubj,root,obl:mod,13.0,14,17.0,7667.0,7668,7671.0,[13],"[15, 16, 17]",brûler,0,_,_,375,184,376,[],['1'],['1'],[],[],[],[],True,False,False,4,91,à huit heures quarante - cinq,date_absolue,heure,1872-10-02-20-00,1872-10-02 20:00,,,1.0,,,,precedent_context,retentit,,,,,
"Phileas Fogg, en quittant Londres, ne se doutait guère, sans doute, du grand retentissement qu' allait provoquer son départ.",Phileas Fogg,quittant,Londres,nsubj,advcl,obj,1.0,5,6.0,7674.0,7678,7679.0,"[1, 2]",[6],quitter,10,19,FAC,376,185,377,['0'],[],['0'],[],[],[],[],True,False,False,5,91,à huit heures quarante - cinq,date_absolue,heure,1872-10-02-20-00,1872-10-02 20:00,,,1.0,,,,precedent_context,retentit,ville_londres,londres,SRC source,GPE,ville_londres
"Phileas Fogg, en quittant Londres, ne se doutait guère, sans doute, du grand retentissement qu' allait provoquer son départ.",son départ,allait,qu',nsubj,acl:relcl,obj,23.0,20,19.0,7696.0,7693,7692.0,"[22, 23]",[19],aller,18,_,_,376,185,377,['0'],[],['0'],[],[],[],[],True,False,False,5,91,à huit heures quarante - cinq,date_absolue,heure,1872-10-02-20-00,1872-10-02 20:00,,,1.0,,,,precedent_context,retentit,ville_londres,londres,SRC source,GPE,ville_londres
"Pendant les premiers jours qui suivirent le départ du gentleman, d' importantes affaires s' étaient engagées sur« l' aléa» de son entreprise.",qui,suivirent,le départ du gentleman,nsubj,acl:relcl,obj,5.0,6,8.0,8398.0,8399,8401.0,[5],"[7, 8, 9, 10]",suivre,4,89,TIME,403,192,404,[],['0'],['0'],[],[],[],[],True,False,False,5,100,les premiers jours qui suivirent le départ du gentleman,,,,,,,,,,,objet,engagées,,,,,
L' honorable gentleman disparut pour faire place au voleur de bank - notes.,L'honorable gentleman,disparut,,nsubj,root,,3.0,4,,8862.0,8863,,"[1, 2, 3]",[],disparaître,0,_,_,427,200,428,['0'],[],['0'],[],[],[],[],True,False,False,5,105,à neuf heures du soir,date_absolue,heure,1872-10-09-21-00,1872-10-09 21:00,,,8.0,,,,precedent_context,reçu,,,,,
